project,protocol_maturity_score,maturity_evidence,tool_discovery_detail,deployment_patterns,auth_and_secret_model,compatibility_breakpoints,mandatory_preflight_checks,mandatory_runtime_guards,adoption_phase,source_urls
modelcontextprotocol/python-sdk,9.5/10,official sdk with high adoption and active release cadence,client-server capability negotiation plus tools/list baseline,stdio and streamable-http implementations via official sdk patterns,depends on host integration; secrets managed by host/server env,rapid protocol evolution may outpace downstream wrappers,conformance score gate and schema regression snapshot,timeout rate-limit audit-log and error taxonomy enforcement,P0,https://api.github.com/repos/modelcontextprotocol/python-sdk|https://raw.githubusercontent.com/modelcontextprotocol/servers/main/README.md|https://modelcontextprotocol.io/community/sdk-tiers.md
modelcontextprotocol/typescript-sdk,9.3/10,official sdk used by many template and integration projects,initialize negotiation plus tools/list and list_changed support expectation,local subprocess and remote endpoint modes both common,env-var and host-auth mediated depending on deployment,NOASSERTION license metadata plus edge-version churn risk,lock MCP version window and transport compatibility tests,origin-check protocol-header-check and strict schema validation,P0,https://api.github.com/repos/modelcontextprotocol/typescript-sdk|https://modelcontextprotocol.io/specification/2025-11-25/server/tools.md|https://modelcontextprotocol.io/specification/2025-11-25/basic/transports.md
modelcontextprotocol/servers/src/everything,9.2/10,official reference server explicitly meant for protocol feature demonstration,canonical runtime discovery for tools resources prompts,primarily local reference deployment for test harnesses,no built-in production auth assumptions by design,reference-not-production gap if copied directly to prod,must-pass contract diff against tools/list and list_changed,require human-in-loop for privileged tool calls in host,P0,https://github.com/modelcontextprotocol/servers/tree/main/src/everything|https://raw.githubusercontent.com/modelcontextprotocol/servers/main/README.md|https://modelcontextprotocol.io/specification/2025-11-25/server/tools.md
modelcontextprotocol/servers/src/filesystem,9.0/10,official reference with explicit secure file operation framing,tools/list exposes file operations gated by allowed paths,local stdio subprocess commonly configured in desktop clients,filesystem scope configured via explicit path args,over-broad path allowlists create data exfiltration risk,path allowlist lint and forbidden-root-path checks,approval prompt for write/delete and immutable audit trail,P0,https://github.com/modelcontextprotocol/servers/tree/main/src/filesystem|https://modelcontextprotocol.io/docs/develop/connect-local-servers.md|https://raw.githubusercontent.com/modelcontextprotocol/servers/main/README.md
modelcontextprotocol/servers/src/git,8.9/10,official reference for repo-read-search-manipulate workflows,tool discovery through tools/list with git operation surface,local subprocess with repository path and git binary dependency,auth inherited from local git credentials and host permissions,destructive repo ops and credential leakage if not constrained,read-only mode tests and sensitive command denylist checks,interactive confirmation for mutating operations and diff logging,P0,https://github.com/modelcontextprotocol/servers/tree/main/src/git|https://raw.githubusercontent.com/modelcontextprotocol/servers/main/README.md|https://modelcontextprotocol.io/specification/2025-11-25/server/tools.md
Data-Everything/MCP-Platform,8.8/10,legacy templates repo has moved and new platform is active evolution path,template catalog plus automatic tool discovery in deployment workflow,docker-centric one-command deploy plus local cli orchestration,secrets via config env mapping with sensitive fields,legacy-to-new package migration can break pipelines,migration readiness checks and template schema validation,deploy health checks and config drift detection,P1,https://github.com/Data-Everything/MCP-Platform|https://raw.githubusercontent.com/Data-Everything/mcp-server-templates/main/README.md|https://raw.githubusercontent.com/punkpeye/awesome-mcp-servers/main/README.md
PipedreamHQ/pipedream/modelcontextprotocol,8.6/10,large integration surface and operational platform backing,catalog-first discovery with broad connector inventory,hybrid remote and managed server deployment for app integrations,platform-managed auth to many APIs with user credentials,connector API drift and quota failures across providers,integration-specific smoke tests and credential scope checks,per-connector circuit breaker and fallback behavior,P1,https://github.com/PipedreamHQ/pipedream/tree/master/modelcontextprotocol|https://raw.githubusercontent.com/punkpeye/awesome-mcp-servers/main/README.md|https://modelcontextprotocol.io/registry/about.md
brave/brave-search-mcp-server,8.5/10,listed as official replacement lineage from archived reference,tools/list exposes search operation set over provider API,remote api-backed server with local client attachment,api-key style provider auth typical for search APIs,search api policy/quota changes can alter tool reliability,provider health and quota precheck in CI,request throttling and user-visible degradation mode,P1,https://github.com/brave/brave-search-mcp-server|https://raw.githubusercontent.com/modelcontextprotocol/servers/main/README.md|https://modelcontextprotocol.io/specification/2025-11-25/server/tools.md
modelcontextprotocol/go-sdk,8.4/10,official sdk with explicit collaboration note and lower issue load,standard negotiation plus tools/list discovery patterns,strong fit for remote server binaries and container workloads,auth model delegated to implementation and host setup,NOASSERTION metadata and transport migration burden,cross-transport parity tests and protocol header checks,session lifecycle handling and reconnect/resume policy,P1,https://api.github.com/repos/modelcontextprotocol/go-sdk|https://modelcontextprotocol.io/specification/2025-11-25/basic/transports.md|https://modelcontextprotocol.io/community/sdk-tiers.md
modelcontextprotocol/csharp-sdk,8.2/10,official sdk maintained with microsoft collaboration signal,capability negotiation and runtime listing as baseline behavior,enterprise local+remote deployment in .NET estates,oauth/api-key depends on server implementation,NOASSERTION license metadata and extension parity lag risk,interop matrix against python/ts golden cases,strict input validation and privileged call confirmation,P1,https://api.github.com/repos/modelcontextprotocol/csharp-sdk|https://raw.githubusercontent.com/modelcontextprotocol/servers/main/README.md|https://modelcontextprotocol.io/specification/2025-11-25/server/tools.md
modelcontextprotocol/java-sdk,8.1/10,official sdk with spring-ai collaboration and steady ecosystem pull,standard tools/list discovery through negotiated capabilities,service-oriented remote deployments common in java stacks,oidc/oauth patterns common in enterprise deployments,extension support skew and library upgrade friction,version lockfile plus compatibility integration suite,graceful degradation on unsupported extensions,P1,https://api.github.com/repos/modelcontextprotocol/java-sdk|https://modelcontextprotocol.io/extensions/client-matrix.md|https://modelcontextprotocol.io/community/sdk-tiers.md
modelcontextprotocol/servers/src/fetch,8.0/10,official reference for web content retrieval conversion flows,discoverable as tool endpoint with argument schema,local stdio and remote-wrapped deployment variants,typically unauthenticated fetch with optional policy controls,ssrf and content-safety risks for unrestricted urls,url allowlist denylist and response size limits,domain policy enforcement and output sanitization,P1,https://github.com/modelcontextprotocol/servers/tree/main/src/fetch|https://raw.githubusercontent.com/modelcontextprotocol/servers/main/README.md|https://modelcontextprotocol.io/specification/2025-11-25/server/tools.md
metatool-ai/metatool-app,7.9/10,aggregator with namespace middleware and documented protocol compatibility,multi-server aggregation with tool-level overrides and inspector workflow,docker-compose hosted gateway with sse/streamable-http endpoints,api key plus oidc/oauth options with multi-tenant controls,stdio-only client bridging requires proxy and can break auth assumptions,namespace collision scan and auth-path integration tests,rate limiting and per-namespace policy guards,P2,https://raw.githubusercontent.com/metatool-ai/metatool-app/main/README.md|https://raw.githubusercontent.com/punkpeye/awesome-mcp-servers/main/README.md|https://modelcontextprotocol.io/specification/2025-11-25/basic/transports.md
isaac-levine/forage,7.6/10,dynamic discovery/install server with explicit roadmap and local persistence,registry plus smithery plus npm discovery then runtime list_changed update,local gateway subprocess manager with no-restart tool onboarding,user-confirmed install local-only backend and install audit log,dynamic install increases supply-chain and trust management risk,package provenance checks and install approval policy,allowlist registries and signed-package preference policy,P2,https://raw.githubusercontent.com/isaac-levine/forage/main/README.md|https://registry.modelcontextprotocol.io/|https://raw.githubusercontent.com/punkpeye/awesome-mcp-servers/main/README.md
1mcp-app/agent,7.4/10,unified aggregator with oauth2.1 audit logging health endpoints and hot-reload config,multi-server aggregated discovery behind single endpoint,local binary/npm plus unified endpoint for multiple clients,oauth2.1 scope authorization and audit logging support,tool namespace collision and downstream server trust boundary complexity,tool conflict lint and per-server sandbox policy checks,per-tool authorization and anomaly detection on forwarded calls,P2,https://raw.githubusercontent.com/1mcp-app/agent/main/README.md|https://raw.githubusercontent.com/punkpeye/awesome-mcp-servers/main/README.md|https://modelcontextprotocol.io/specification/2025-11-25/server/tools.md
